Workbook

Sheet Hướng dẫn
A1: KỊCH BẢN TEST – PHÂN QUYỀN CHỨC VỤ / ROLE / PERMISSION
A2: Căn cứ | B2: Đặc tả phân quyền người dùng và chức vụ (Dac_ta_phan_quyen_chuc_vu_role_permission.docx), commit a71c2b5 + 2b325c6 trên master.
A3: Phạm vi | B3: Migration Flyway V2, xác thực/JWT, bảo vệ API, phạm vi quản lý (AuthorizationService), quản lý user/đơn vị, giao việc – KPI – thống kê trên giao diện VLDC, audit log.
A4: Nguyên tắc cần kiểm chứng | B4: Permission quyết định ĐƯỢC LÀM CHỨC NĂNG GÌ; chức vụ + đơn vị quyết định ĐƯỢC LÀM VỚI AI. Người quản lý chỉ tác động lên người có cấp thấp hơn trong đơn vị mình và đơn vị con.
A6: CHUẨN BỊ
A7: 1. Môi trường | B7: Backend đã khởi động với FLYWAY_ENABLED=true (docker compose). BASE = địa chỉ backend, ví dụ http://<server>:1122 hoặc https://<domain> qua nginx.
A8: 2. Tài khoản | B8: 13 tài khoản VLDC ở sheet 'Tài khoản test' + tài khoản admin. Mật khẩu: theo seed demo (environment/mysql/init/vldc_menu_permission.sql, mục 5).
A9: 3. Lấy token | B9: POST {BASE}/api/authenticate body {"email":"<email>","password":"<mật khẩu>"} → lấy data.token, gửi kèm header Authorization: Bearer <token>.
A10: 4. Lấy id người dùng | B10: GET {BASE}/api/org/directory → mục people[] có id, roleCodes, positionCode, orgUnitCode.
A11: 5. Công cụ | B11: Postman / curl cho nhóm API; trình duyệt (đăng nhập từng tài khoản) cho nhóm giao diện; MySQL client cho nhóm dữ liệu.
A13: CÁCH GHI KẾT QUẢ
A14: Ô được nhập | B14: Chỉ nhập vào các cột nền vàng ở sheet 'Kịch bản test': Kết quả thực tế, Trạng thái, Người test, Ngày test, Ghi chú.
A15: Trạng thái | B15: Chọn trong danh sách: Chưa test / Pass / Fail / Blocked. Sheet 'Tổng hợp' tự đếm theo cột này.
A16: Ví dụ dòng đã ghi | B16: TC-API-03 | Kết quả thực tế: 'HTTP 403, body code=403 Forbidden' | Trạng thái: Pass | Người test: Sơn | Ngày test: 27/10/2026
A17: Khi Fail | B17: Ghi request/response hoặc ảnh chụp màn hình vào Ghi chú; với lỗi giao diện ghi tài khoản + trang + thao tác.
A18: Thứ tự chạy | B18: Nên chạy lần lượt: DB → AUTH → API → USER/ORG → UI → KPI → AUDIT. Các ca có tiền điều kiện 'khôi phục dữ liệu' cần trả lại trạng thái ban đầu sau khi test.

Sheet Tổng hợp
A1: TỔNG HỢP KẾT QUẢ TEST (tự tính từ sheet 'Kịch bản test')
A3: Nhóm | B3: Tổng | C3: Pass | D3: Fail | E3: Blocked | F3: Chưa test | G3: Tỷ lệ Pass | H3: Tỷ lệ đã chạy
A4: Dữ liệu & migration | B4: =COUNTIF('Kịch bản test'!$B$2:$B$56,$A4) | C4: =COUNTIFS('Kịch bản test'!$B$2:$B$56,$A4,'Kịch bản test'!$K$2:$K$56,"Pass") | D4: =COUNTIFS('Kịch bản test'!$B$2:$B$56,$A4,'Kịch bản test'!$K$2:$K$56,"Fail") | E4: =COUNTIFS('Kịch bản test'!$B$2:$B$56,$A4,'Kịch bản test'!$K$2:$K$56,"Blocked") | F4: =COUNTIFS('Kịch bản test'!$B$2:$B$56,$A4,'Kịch bản test'!$K$2:$K$56,"Chưa test") | G4: =IF(B4=0,0,C4/B4) | H4: =IF(B4=0,0,(B4-F4)/B4)
A5: Đăng nhập, token, /me | B5: =COUNTIF('Kịch bản test'!$B$2:$B$56,$A5) | C5: =COUNTIFS('Kịch bản test'!$B$2:$B$56,$A5,'Kịch bản test'!$K$2:$K$56,"Pass") | D5: =COUNTIFS('Kịch bản test'!$B$2:$B$56,$A5,'Kịch bản test'!$K$2:$K$56,"Fail") | E5: =COUNTIFS('Kịch bản test'!$B$2:$B$56,$A5,'Kịch bản test'!$K$2:$K$56,"Blocked") | F5: =COUNTIFS('Kịch bản test'!$B$2:$B$56,$A5,'Kịch bản test'!$K$2:$K$56,"Chưa test") | G5: =IF(B5=0,0,C5/B5) | H5: =IF(B5=0,0,(B5-F5)/B5)
A6: Bảo vệ API & phạm vi | B6: =COUNTIF('Kịch bản test'!$B$2:$B$56,$A6) | C6: =COUNTIFS('Kịch bản test'!$B$2:$B$56,$A6,'Kịch bản test'!$K$2:$K$56,"Pass") | D6: =COUNTIFS('Kịch bản test'!$B$2:$B$56,$A6,'Kịch bản test'!$K$2:$K$56,"Fail") | E6: =COUNTIFS('Kịch bản test'!$B$2:$B$56,$A6,'Kịch bản test'!$K$2:$K$56,"Blocked") | F6: =COUNTIFS('Kịch bản test'!$B$2:$B$56,$A6,'Kịch bản test'!$K$2:$K$56,"Chưa test") | G6: =IF(B6=0,0,C6/B6) | H6: =IF(B6=0,0,(B6-F6)/B6)
A7: Quản lý user, chức vụ, đơn vị | B7: =COUNTIF('Kịch bản test'!$B$2:$B$56,$A7) | C7: =COUNTIFS('Kịch bản test'!$B$2:$B$56,$A7,'Kịch bản test'!$K$2:$K$56,"Pass") | D7: =COUNTIFS('Kịch bản test'!$B$2:$B$56,$A7,'Kịch bản test'!$K$2:$K$56,"Fail") | E7: =COUNTIFS('Kịch bản test'!$B$2:$B$56,$A7,'Kịch bản test'!$K$2:$K$56,"Blocked") | F7: =COUNTIFS('Kịch bản test'!$B$2:$B$56,$A7,'Kịch bản test'!$K$2:$K$56,"Chưa test") | G7: =IF(B7=0,0,C7/B7) | H7: =IF(B7=0,0,(B7-F7)/B7)
A8: Giao việc trên giao diện VLDC | B8: =COUNTIF('Kịch bản test'!$B$2:$B$56,$A8) | C8: =COUNTIFS('Kịch bản test'!$B$2:$B$56,$A8,'Kịch bản test'!$K$2:$K$56,"Pass") | D8: =COUNTIFS('Kịch bản test'!$B$2:$B$56,$A8,'Kịch bản test'!$K$2:$K$56,"Fail") | E8: =COUNTIFS('Kịch bản test'!$B$2:$B$56,$A8,'Kịch bản test'!$K$2:$K$56,"Blocked") | F8: =COUNTIFS('Kịch bản test'!$B$2:$B$56,$A8,'Kịch bản test'!$K$2:$K$56,"Chưa test") | G8: =IF(B8=0,0,C8/B8) | H8: =IF(B8=0,0,(B8-F8)/B8)
A9: Phạm vi xem, KPI, thống kê | B9: =COUNTIF('Kịch bản test'!$B$2:$B$56,$A9) | C9: =COUNTIFS('Kịch bản test'!$B$2:$B$56,$A9,'Kịch bản test'!$K$2:$K$56,"Pass") | D9: =COUNTIFS('Kịch bản test'!$B$2:$B$56,$A9,'Kịch bản test'!$K$2:$K$56,"Fail") | E9: =COUNTIFS('Kịch bản test'!$B$2:$B$56,$A9,'Kịch bản test'!$K$2:$K$56,"Blocked") | F9: =COUNTIFS('Kịch bản test'!$B$2:$B$56,$A9,'Kịch bản test'!$K$2:$K$56,"Chưa test") | G9: =IF(B9=0,0,C9/B9) | H9: =IF(B9=0,0,(B9-F9)/B9)
A10: Audit log | B10: =COUNTIF('Kịch bản test'!$B$2:$B$56,$A10) | C10: =COUNTIFS('Kịch bản test'!$B$2:$B$56,$A10,'Kịch bản test'!$K$2:$K$56,"Pass") | D10: =COUNTIFS('Kịch bản test'!$B$2:$B$56,$A10,'Kịch bản test'!$K$2:$K$56,"Fail") | E10: =COUNTIFS('Kịch bản test'!$B$2:$B$56,$A10,'Kịch bản test'!$K$2:$K$56,"Blocked") | F10: =COUNTIFS('Kịch bản test'!$B$2:$B$56,$A10,'Kịch bản test'!$K$2:$K$56,"Chưa test") | G10: =IF(B10=0,0,C10/B10) | H10: =IF(B10=0,0,(B10-F10)/B10)
A11: TỔNG CỘNG | B11: =SUM(B4:B10) | C11: =SUM(C4:C10) | D11: =SUM(D4:D10) | E11: =SUM(E4:E10) | F11: =SUM(F4:F10) | G11: =IF(B11=0,0,C11/B11) | H11: =IF(B11=0,0,(B11-F11)/B11)
A13: Ưu tiên Cao còn Fail | B13: =COUNTIFS('Kịch bản test'!$I$2:$I$56,"Cao",'Kịch bản test'!$K$2:$K$56,"Fail")
A14: Kết luận | B14: =IF(F11>0,"Chưa chạy hết",IF(B13>0,"KHÔNG ĐẠT – còn lỗi ưu tiên Cao",IF(D11>0,"ĐẠT CÓ ĐIỀU KIỆN","ĐẠT")))

Sheet Tài khoản test
A1: Role | B1: Email đăng nhập | C1: Họ tên | D1: Chức danh (Role) | E1: Chức vụ (Position) | F1: Level | G1: Đơn vị | H1: Đơn vị quản lý (managedUnitCodes) | I1: Quyền giao việc (vldc-directives:create) | J1: Được giao việc cho
A2: lanhdao | B2: lanhdao@vldc.local | C2: Nguyễn Văn Minh | D2: Liên đoàn trưởng | E2: LANH_DAO – Lãnh đạo | F2: 1 | G2: BLD – Ban Lãnh đạo Liên đoàn | H2: BLD, KT, KHTC, TCHC, MD, DB, HK, TT | I2: Có | J2: truongdonvi, matdat, chunhiem, bien, hientruong, hangkhong, trungtam, kythuat, ketoantruong, kehoach, ketoan, tochuc
A3: truongdonvi | B3: truongdonvi@vldc.local | C3: Trần Quốc Hùng | D3: Trưởng đơn vị | E3: TRUONG_DON_VI – Trưởng phòng / Đoàn trưởng | F3: 2 | G3: MD – Đoàn ĐVL Mặt đất | H3: MD | I3: Có | J3: chunhiem
A4: matdat | B4: matdat@vldc.local | C4: Phạm Quang Hưng | D4: Điều hành Đoàn ĐVL Mặt đất | E4: TRUONG_DON_VI – Trưởng phòng / Đoàn trưởng | F4: 2 | G4: MD – Đoàn ĐVL Mặt đất | H4: MD | I4: Có | J4: chunhiem
A5: chunhiem | B5: chunhiem@vldc.local | C5: Lê Hoàng Nam | D5: Chủ nhiệm dự án | E5: NHAN_VIEN – Nhân viên | F5: 3 | G5: MD – Đoàn ĐVL Mặt đất | H5: (không) | I5: Có | J5: (không ai)
A6: bien | B6: bien@vldc.local | C6: Nguyễn Văn Hành | D6: Đoàn trưởng ĐVL Biển | E6: TRUONG_DON_VI – Trưởng phòng / Đoàn trưởng | F6: 2 | G6: DB – Đoàn ĐVL Biển | H6: DB | I6: Có | J6: hientruong
A7: hientruong | B7: hientruong@vldc.local | C7: Nguyễn Đức Hải | D7: Cán bộ hiện trường | E7: NHAN_VIEN – Nhân viên | F7: 3 | G7: DB – Đoàn ĐVL Biển | H7: (không) | I7: Không | J7: (không ai)
A8: hangkhong | B8: hangkhong@vldc.local | C8: Bùi Minh Thành | D8: Đoàn trưởng ĐVL Hàng không | E8: TRUONG_DON_VI – Trưởng phòng / Đoàn trưởng | F8: 2 | G8: HK – Đoàn ĐVL Hàng không | H8: HK | I8: Có | J8: (không ai)
A9: trungtam | B9: trungtam@vldc.local | C9: Trần Anh Tuấn | D9: Giám đốc Trung tâm | E9: TRUONG_DON_VI – Trưởng phòng / Đoàn trưởng | F9: 2 | G9: TT – TT Công nghệ & Kiểm định | H9: TT | I9: Có | J9: (không ai)
A10: kythuat | B10: kythuat@vldc.local | C10: Phạm Thu Hà | D10: Chuyên viên kỹ thuật | E10: NHAN_VIEN – Nhân viên | F10: 3 | G10: KT – Phòng Kỹ thuật | H10: (không) | I10: Không | J10: (không ai)
A11: ketoantruong | B11: ketoantruong@vldc.local | C11: Trần Minh Phương | D11: Kế toán trưởng | E11: TRUONG_DON_VI – Trưởng phòng / Đoàn trưởng | F11: 2 | G11: KHTC – Phòng Kế hoạch – Tài chính | H11: KHTC | I11: Có | J11: kehoach, ketoan
A12: kehoach | B12: kehoach@vldc.local | C12: Vũ Thị Lan | D12: Chuyên viên KH-TC | E12: NHAN_VIEN – Nhân viên | F12: 3 | G12: KHTC – Phòng Kế hoạch – Tài chính | H12: (không) | I12: Không | J12: (không ai)
A13: ketoan | B13: ketoan@vldc.local | C13: Nguyễn Thu Hương | D13: Kế toán viên | E13: NHAN_VIEN – Nhân viên | F13: 3 | G13: KHTC – Phòng Kế hoạch – Tài chính | H13: (không) | I13: Không | J13: (không ai)
A14: tochuc | B14: tochuc@vldc.local | C14: Đỗ Minh Anh | D14: Chuyên viên TC-HC | E14: NHAN_VIEN – Nhân viên | F14: 3 | G14: TCHC – Phòng Tổ chức – Hành chính | H14: (không) | I14: Không | J14: (không ai)
A16: Ghi chú | B16: Cột 'Được giao việc cho' = Ma trận mong đợi (sheet 'Ma trận giao việc'). Giao việc trên giao diện cần đồng thời có quyền vldc-directives:create; trungtam có quyền nhưng không có ai trong phạm vi nên không thấy nút '+ Giao việc'. admin@local là quản trị hệ thống, không thuộc đơn vị nào.

Sheet Kịch bản test
A1: Mã TC | B1: Nhóm | C1: Yêu cầu (đặc tả) | D1: Tiêu đề | E1: Tiền điều kiện | F1: Tài khoản | G1: Các bước thực hiện | H1: Kết quả mong đợi | I1: Ưu tiên | J1: Kết quả thực tế | K1: Trạng thái | L1: Người test | M1: Ngày test | N1: Ghi chú
A2: TC-DB-01 | B2: Dữ liệu & migration | C2: §5, NFR | D2: Flyway áp dụng migration V2 | E2: Backend vừa khởi động với FLYWAY_ENABLED=true | F2: MySQL | G2: 1. SELECT version, description, success FROM flyway_schema_history ORDER BY installed_rank; | H2: Có dòng version 2 'position org scope', success = 1. Log backend không có lỗi Flyway. | I2: Cao | K2: Chưa test
A3: TC-DB-02 | B3: Dữ liệu & migration | C3: FR-01, §4 | D3: Danh mục chức vụ mặc định | E3: TC-DB-01 Pass | F3: MySQL | G3: 1. SELECT code, name, level, manages_unit FROM tbl_position ORDER BY level; | H3: Đúng 3 dòng: LANH_DAO (1, 1), TRUONG_DON_VI (2, 1), NHAN_VIEN (3, 0). | I3: Cao | K3: Chưa test
A4: TC-DB-03 | B4: Dữ liệu & migration | C4: FR-05 | D4: Cây đơn vị | E4: TC-DB-01 Pass | F4: MySQL | G4: 1. SELECT d.code, p.code AS parent FROM tbl_department d LEFT JOIN tbl_department p ON p.id = d.parent_id; | H4: BLD có parent NULL; KT, KHTC, TCHC, MD, DB, HK, TT đều có parent = BLD. | I4: Cao | K4: Chưa test
A5: TC-DB-04 | B5: Dữ liệu & migration | C5: §5 | D5: Gán chức vụ, đơn vị cho tài khoản VLDC | E5: TC-DB-01 Pass | F5: MySQL | G5: 1. Truy vấn tbl_user JOIN tbl_user_role, tbl_role, tbl_position, tbl_department cho 13 tài khoản @vldc.local. | H5: Chức vụ và đơn vị của từng role khớp sheet 'Tài khoản test'. admin@local có position_id, department_id = NULL. | I5: Cao | K5: Chưa test
A6: TC-DB-05 | B6: Dữ liệu & migration | C6: BR-07 | D6: Thu hồi roles:access khỏi role nghiệp vụ | E6: TC-DB-01 Pass | F6: MySQL | G6: 1. Đếm tbl_role_permission có permission 'roles:access' với role khác admin. | H6: Kết quả = 0 (Lãnh đạo không mặc nhiên có quyền xem/quản trị Role). | I6: Cao | K6: Chưa test
A7: TC-DB-06 | B7: Dữ liệu & migration | C7: NFR | D7: Migration chạy lại không lỗi | E7: Có bản sao DB hoặc DB test | F7: MySQL | G7: 1. Chạy lại nội dung V2__position_org_scope.sql trên DB đã áp dụng. 2. Khởi tạo DB mới (docker compose với volume trống) rồi khởi động backend. | H7: Cả hai trường hợp không báo lỗi; dữ liệu chức vụ/đơn vị không bị nhân đôi hoặc ghi đè giá trị đã gán. | I7: Trung bình | K7: Chưa test
A8: TC-AUTH-01 | B8: Đăng nhập, token, /me | C8: §6.1, NFR | D8: JWT không chứa danh sách permission | E8: – | F8: lanhdao | G8: 1. Đăng nhập lấy token. 2. Giải mã phần payload JWT (jwt.io hoặc base64). | H8: Claim 'scope' chỉ có ROLE_LANHDAO (không có mã quyền dạng 'vldc-...:access'); không có claim đơn vị/chức vụ. | I8: Cao | K8: Chưa test
A9: TC-AUTH-02 | B9: Đăng nhập, token, /me | C9: §6.1 | D9: /me trả về chức vụ, đơn vị, phạm vi – Lãnh đạo | E9: – | F9: lanhdao | G9: 1. GET {BASE}/api/authenticate/me | H9: positionCode=LANH_DAO, positionLevel=1, orgUnitCode=BLD, managedUnitCodes gồm đủ 8 đơn vị (BLD, KT, KHTC, TCHC, MD, DB, HK, TT). | I9: Cao | K9: Chưa test
A10: TC-AUTH-03 | B10: Đăng nhập, token, /me | C10: §6.1 | D10: /me – Trưởng đơn vị | E10: – | F10: truongdonvi | G10: 1. GET {BASE}/api/authenticate/me | H10: positionCode=TRUONG_DON_VI, orgUnitCode=MD, managedUnitCodes = [MD]. | I10: Cao | K10: Chưa test
A11: TC-AUTH-04 | B11: Đăng nhập, token, /me | C11: §6.1 | D11: /me – Nhân viên | E11: – | F11: kythuat | G11: 1. GET {BASE}/api/authenticate/me | H11: positionCode=NHAN_VIEN, orgUnitCode=KT, managedUnitCodes = [] (rỗng). | I11: Cao | K11: Chưa test
A12: TC-AUTH-05 | B12: Đăng nhập, token, /me | C12: NT-07, NFR | D12: Thu hồi quyền có hiệu lực ngay, không chờ token hết hạn | E12: Đang giữ token hợp lệ của truongdonvi. Sau test: cấp lại quyền. | F12: admin + truongdonvi | G12: 1. Với token truongdonvi gọi GET {BASE}/api/org/assignees → ghi nhận 200. 2. Admin bỏ quyền 'Giao việc – Tạo mới' (vldc-directives:create) khỏi role truongdonvi. 3. Dùng LẠI token cũ gọi GET {BASE}/api/org/assignees. | H12: Bước 3 trả HTTP 403 dù token cũ chưa hết hạn (quyền được nạp lại từ DB mỗi request). | I12: Cao | K12: Chưa test
A13: TC-AUTH-06 | B13: Đăng nhập, token, /me | C13: NT-07 | D13: Tài khoản bị vô hiệu hoá không dùng được token cũ | E13: Đang giữ token của kehoach. Sau test: kích hoạt lại. | F13: admin + kehoach | G13: 1. Admin tắt 'Hoạt động' (active=false) của kehoach. 2. Dùng token cũ của kehoach gọi GET {BASE}/api/authenticate/me. | H13: HTTP 401 Unauthorized. | I13: Trung bình | K13: Chưa test
... A56: TC-AUD-05 | B56: Audit log | C56: NFR | D56: Thao tác bị từ chối không ghi audit thay đổi | E56: – | F56: admin | G56: 1. Thực hiện TC-ORG-02 (mã chức vụ sai). 2. GET /api/audit-logs?resourceType=user | H56: Không có bản ghi mới cho thao tác bị lỗi. | I56: Thấp | K56: Chưa test

Sheet Ma trận giao việc
A1: Người giao ↓ / Người nhận → (✓ = được giao; – = không). Theo quy tắc: người nhận thuộc đơn vị người giao quản lý (kể cả đơn vị con) và có level lớn hơn.
A3: Người giao | B3: Chức vụ / Đơn vị | C3: lanhdao | D3: truongdonvi | E3: matdat | F3: chunhiem | G3: bien | H3: hientruong | I3: hangkhong | J3: trungtam | K3: kythuat | L3: ketoantruong | M3: kehoach | N3: ketoan | O3: tochuc
A4: lanhdao | B4: LANH_DAO / BLD | C4: ■ | D4: ✓ | E4: ✓ | F4: ✓ | G4: ✓ | H4: ✓ | I4: ✓ | J4: ✓ | K4: ✓ | L4: ✓ | M4: ✓ | N4: ✓ | O4: ✓
A5: truongdonvi | B5: TRUONG_DON_VI / MD | C5: – | D5: ■ | E5: – | F5: ✓ | G5: – | H5: – | I5: – | J5: – | K5: – | L5: – | M5: – | N5: – | O5: –
A6: matdat | B6: TRUONG_DON_VI / MD | C6: – | D6: – | E6: ■ | F6: ✓ | G6: – | H6: – | I6: – | J6: – | K6: – | L6: – | M6: – | N6: – | O6: –
A7: chunhiem | B7: NHAN_VIEN / MD | C7: – | D7: – | E7: – | F7: ■ | G7: – | H7: – | I7: – | J7: – | K7: – | L7: – | M7: – | N7: – | O7: –
A8: bien | B8: TRUONG_DON_VI / DB | C8: – | D8: – | E8: – | F8: – | G8: ■ | H8: ✓ | I8: – | J8: – | K8: – | L8: – | M8: – | N8: – | O8: –
A9: hientruong | B9: NHAN_VIEN / DB | C9: – | D9: – | E9: – | F9: – | G9: – | H9: ■ | I9: – | J9: – | K9: – | L9: – | M9: – | N9: – | O9: –
A10: hangkhong | B10: TRUONG_DON_VI / HK | C10: – | D10: – | E10: – | F10: – | G10: – | H10: – | I10: ■ | J10: – | K10: – | L10: – | M10: – | N10: – | O10: –
A11: trungtam | B11: TRUONG_DON_VI / TT | C11: – | D11: – | E11: – | F11: – | G11: – | H11: – | I11: – | J11: ■ | K11: – | L11: – | M11: – | N11: – | O11: –
A12: kythuat | B12: NHAN_VIEN / KT | C12: – | D12: – | E12: – | F12: – | G12: – | H12: – | I12: – | J12: – | K12: ■ | L12: – | M12: – | N12: – | O12: –
A13: ketoantruong | B13: TRUONG_DON_VI / KHTC | C13: – | D13: – | E13: – | F13: – | G13: – | H13: – | I13: – | J13: – | K13: – | L13: ■ | M13: ✓ | N13: ✓ | O13: –
A14: kehoach | B14: NHAN_VIEN / KHTC | C14: – | D14: – | E14: – | F14: – | G14: – | H14: – | I14: – | J14: – | K14: – | L14: – | M14: ■ | N14: – | O14: –
... A16: tochuc | B16: NHAN_VIEN / TCHC | C16: – | D16: – | E16: – | F16: – | G16: – | H16: – | I16: – | J16: – | K16: – | L16: – | M16: – | N16: – | O16: ■
A18: Cách dùng | B18: Với mỗi người giao có quyền vldc-directives:create, so danh sách 'Người chủ trì' trên form '+ Giao việc' và GET /api/org/assignees với hàng tương ứng. Người giao không có quyền (vd. kythuat) phải nhận 403 / không thấy nút, dù hàng có ✓ hay không.
